{"cameraMode":{"drawMode":0,"name":"Shaded","section":"Shading Mode"},"sceneLighting":true,"audioPlay":false,"sceneViewState":{"m_AlwaysRefresh":false,"showFog":true,"showSkybox":true,"showFlares":true,"showImageEffects":true,"showParticleSystems":true,"showVisualEffectGraphs":true,"m_FxEnabled":true},"in2DMode":false,"pivot":{"x":0.6762004494667053,"y":7.290992736816406,"z":-18.952117919921876},"rotation":{"x":0.10419949889183045,"y":-0.01999395526945591,"z":0.0020946371369063856,"w":0.9943581819534302},"size":0.3780076205730438,"orthographic":false}